126,en.3.412.376.2007.12.19
126,en.3.412.145.2007.12.18
126,en.3.412.261.2007.12.18
126,en.3.412.232.2007.12.19
126,en.3.412.39.2007.12.19
126,en.3.412.119.2007.12.19
126,en.3.412.199.2007.12.19
126,en.3.412.140.2007.12.18
126,en.3.412.143.2007.12.19
126,en.3.412.498.2007.12.19
126,en.3.412.433.2007.12.19
127,en.3.412.376.2007.12.19
127,en.3.412.145.2007.12.18
127,en.3.412.261.2007.12.18
127,en.3.412.232.2007.12.19
127,en.3.412.39.2007.12.19
127,en.3.412.119.2007.12.19
127,en.3.412.199.2007.12.19
127,en.3.412.140.2007.12.18
127,en.3.412.143.2007.12.19
127,en.3.412.498.2007.12.19
127,en.3.412.433.2007.12.19
128,en.3.412.376.2007.12.19
128,en.3.412.145.2007.12.18
128,en.3.412.261.2007.12.18
128,en.3.412.232.2007.12.19
128,en.3.412.39.2007.12.19
128,en.3.412.119.2007.12.19
128,en.3.412.199.2007.12.19
128,en.3.412.140.2007.12.18
128,en.3.412.143.2007.12.19
128,en.3.412.498.2007.12.19
128,en.3.412.433.2007.12.19
129,en.3.412.376.2007.12.19
129,en.3.412.145.2007.12.18
129,en.3.412.261.2007.12.18
129,en.3.412.232.2007.12.19
129,en.3.412.39.2007.12.19
129,en.3.412.119.2007.12.19
129,en.3.412.199.2007.12.19
129,en.3.412.140.2007.12.18
129,en.3.412.143.2007.12.19
129,en.3.412.498.2007.12.19
129,en.3.412.433.2007.12.19
130,en.3.412.376.2007.12.19
130,en.3.412.145.2007.12.18
130,en.3.412.261.2007.12.18
130,en.3.412.232.2007.12.19
130,en.3.412.39.2007.12.19
130,en.3.412.119.2007.12.19
130,en.3.412.199.2007.12.19
130,en.3.412.140.2007.12.18
130,en.3.412.143.2007.12.19
130,en.3.412.498.2007.12.19
130,en.3.412.433.2007.12.19
131,en.3.412.376.2007.12.19
131,en.3.412.145.2007.12.18
131,en.3.412.261.2007.12.18
131,en.3.412.232.2007.12.19
131,en.3.412.39.2007.12.19
131,en.3.412.119.2007.12.19
131,en.3.412.199.2007.12.19
131,en.3.412.140.2007.12.18
131,en.3.412.143.2007.12.19
131,en.3.412.498.2007.12.19
131,en.3.412.433.2007.12.19
132,en.3.412.376.2007.12.19
132,en.3.412.145.2007.12.18
132,en.3.412.261.2007.12.18
132,en.3.412.232.2007.12.19
132,en.3.412.39.2007.12.19
132,en.3.412.119.2007.12.19
132,en.3.412.199.2007.12.19
132,en.3.412.140.2007.12.18
132,en.3.412.143.2007.12.19
132,en.3.412.498.2007.12.19
132,en.3.412.433.2007.12.19
133,en.3.412.376.2007.12.19
133,en.3.412.145.2007.12.18
133,en.3.412.261.2007.12.18
133,en.3.412.232.2007.12.19
133,en.3.412.39.2007.12.19
133,en.3.412.119.2007.12.19
133,en.3.412.199.2007.12.19
133,en.3.412.140.2007.12.18
133,en.3.412.143.2007.12.19
133,en.3.412.498.2007.12.19
133,en.3.412.433.2007.12.19
134,en.3.412.376.2007.12.19
134,en.3.412.145.2007.12.18
134,en.3.412.261.2007.12.18
134,en.3.412.232.2007.12.19
134,en.3.412.39.2007.12.19
134,en.3.412.119.2007.12.19
134,en.3.412.199.2007.12.19
134,en.3.412.140.2007.12.18
134,en.3.412.143.2007.12.19
134,en.3.412.498.2007.12.19
134,en.3.412.433.2007.12.19
135,en.3.412.376.2007.12.19
135,en.3.412.145.2007.12.18
135,en.3.412.261.2007.12.18
135,en.3.412.232.2007.12.19
135,en.3.412.39.2007.12.19
135,en.3.412.119.2007.12.19
135,en.3.412.199.2007.12.19
135,en.3.412.140.2007.12.18
135,en.3.412.143.2007.12.19
135,en.3.412.498.2007.12.19
135,en.3.412.433.2007.12.19
136,en.3.412.376.2007.12.19
136,en.3.412.145.2007.12.18
136,en.3.412.261.2007.12.18
136,en.3.412.232.2007.12.19
136,en.3.412.39.2007.12.19
136,en.3.412.119.2007.12.19
136,en.3.412.199.2007.12.19
136,en.3.412.140.2007.12.18
136,en.3.412.143.2007.12.19
136,en.3.412.498.2007.12.19
136,en.3.412.433.2007.12.19
137,en.3.412.376.2007.12.19
137,en.3.412.145.2007.12.18
137,en.3.412.261.2007.12.18
137,en.3.412.232.2007.12.19
137,en.3.412.39.2007.12.19
137,en.3.412.119.2007.12.19
137,en.3.412.199.2007.12.19
137,en.3.412.140.2007.12.18
137,en.3.412.143.2007.12.19
137,en.3.412.498.2007.12.19
137,en.3.412.433.2007.12.19
138,en.3.412.376.2007.12.19
138,en.3.412.145.2007.12.18
138,en.3.412.261.2007.12.18
138,en.3.412.232.2007.12.19
138,en.3.412.39.2007.12.19
138,en.3.412.119.2007.12.19
138,en.3.412.199.2007.12.19
138,en.3.412.140.2007.12.18
138,en.3.412.143.2007.12.19
138,en.3.412.498.2007.12.19
138,en.3.412.433.2007.12.19
139,en.3.412.376.2007.12.19
139,en.3.412.145.2007.12.18
139,en.3.412.261.2007.12.18
139,en.3.412.232.2007.12.19
139,en.3.412.39.2007.12.19
139,en.3.412.119.2007.12.19
139,en.3.412.199.2007.12.19
139,en.3.412.140.2007.12.18
139,en.3.412.143.2007.12.19
139,en.3.412.498.2007.12.19
139,en.3.412.433.2007.12.19
140,en.3.412.376.2007.12.19
140,en.3.412.145.2007.12.18
140,en.3.412.261.2007.12.18
140,en.3.412.232.2007.12.19
140,en.3.412.39.2007.12.19
140,en.3.412.119.2007.12.19
140,en.3.412.199.2007.12.19
140,en.3.412.140.2007.12.18
140,en.3.412.143.2007.12.19
140,en.3.412.498.2007.12.19
140,en.3.412.433.2007.12.19
141,en.3.412.376.2007.12.19
141,en.3.412.145.2007.12.18
141,en.3.412.261.2007.12.18
141,en.3.412.232.2007.12.19
141,en.3.412.39.2007.12.19
141,en.3.412.119.2007.12.19
141,en.3.412.199.2007.12.19
141,en.3.412.140.2007.12.18
141,en.3.412.143.2007.12.19
141,en.3.412.498.2007.12.19
141,en.3.412.433.2007.12.19
142,en.3.412.376.2007.12.19
142,en.3.412.145.2007.12.18
142,en.3.412.261.2007.12.18
142,en.3.412.232.2007.12.19
142,en.3.412.39.2007.12.19
142,en.3.412.119.2007.12.19
142,en.3.412.199.2007.12.19
142,en.3.412.140.2007.12.18
142,en.3.412.143.2007.12.19
142,en.3.412.498.2007.12.19
142,en.3.412.433.2007.12.19
143,en.3.412.376.2007.12.19
143,en.3.412.145.2007.12.18
143,en.3.412.261.2007.12.18
143,en.3.412.232.2007.12.19
143,en.3.412.39.2007.12.19
143,en.3.412.119.2007.12.19
143,en.3.412.199.2007.12.19
143,en.3.412.140.2007.12.18
143,en.3.412.143.2007.12.19
143,en.3.412.498.2007.12.19
143,en.3.412.433.2007.12.19
144,en.3.412.376.2007.12.19
144,en.3.412.145.2007.12.18
144,en.3.412.261.2007.12.18
144,en.3.412.232.2007.12.19
144,en.3.412.39.2007.12.19
144,en.3.412.119.2007.12.19
144,en.3.412.199.2007.12.19
144,en.3.412.140.2007.12.18
144,en.3.412.143.2007.12.19
144,en.3.412.498.2007.12.19
144,en.3.412.433.2007.12.19
145,en.3.412.376.2007.12.19
145,en.3.412.145.2007.12.18
145,en.3.412.261.2007.12.18
145,en.3.412.232.2007.12.19
145,en.3.412.39.2007.12.19
145,en.3.412.119.2007.12.19
145,en.3.412.199.2007.12.19
145,en.3.412.140.2007.12.18
145,en.3.412.143.2007.12.19
145,en.3.412.498.2007.12.19
145,en.3.412.433.2007.12.19
146,en.3.412.376.2007.12.19
146,en.3.412.145.2007.12.18
146,en.3.412.261.2007.12.18
146,en.3.412.232.2007.12.19
146,en.3.412.39.2007.12.19
146,en.3.412.119.2007.12.19
146,en.3.412.199.2007.12.19
146,en.3.412.140.2007.12.18
146,en.3.412.143.2007.12.19
146,en.3.412.498.2007.12.19
146,en.3.412.433.2007.12.19
147,en.3.412.376.2007.12.19
147,en.3.412.145.2007.12.18
147,en.3.412.261.2007.12.18
147,en.3.412.232.2007.12.19
147,en.3.412.39.2007.12.19
147,en.3.412.119.2007.12.19
147,en.3.412.199.2007.12.19
147,en.3.412.140.2007.12.18
147,en.3.412.143.2007.12.19
147,en.3.412.498.2007.12.19
147,en.3.412.433.2007.12.19
148,en.3.412.376.2007.12.19
148,en.3.412.145.2007.12.18
148,en.3.412.261.2007.12.18
148,en.3.412.232.2007.12.19
148,en.3.412.39.2007.12.19
148,en.3.412.119.2007.12.19
148,en.3.412.199.2007.12.19
148,en.3.412.140.2007.12.18
148,en.3.412.143.2007.12.19
148,en.3.412.498.2007.12.19
148,en.3.412.433.2007.12.19
149,en.3.412.376.2007.12.19
149,en.3.412.145.2007.12.18
149,en.3.412.261.2007.12.18
149,en.3.412.232.2007.12.19
149,en.3.412.39.2007.12.19
149,en.3.412.119.2007.12.19
149,en.3.412.199.2007.12.19
149,en.3.412.140.2007.12.18
149,en.3.412.143.2007.12.19
149,en.3.412.498.2007.12.19
149,en.3.412.433.2007.12.19
150,en.3.412.376.2007.12.19
150,en.3.412.145.2007.12.18
150,en.3.412.261.2007.12.18
150,en.3.412.232.2007.12.19
150,en.3.412.39.2007.12.19
150,en.3.412.119.2007.12.19
150,en.3.412.199.2007.12.19
150,en.3.412.140.2007.12.18
150,en.3.412.143.2007.12.19
150,en.3.412.498.2007.12.19
150,en.3.412.433.2007.12.19
151,en.3.412.376.2007.12.19
151,en.3.412.145.2007.12.18
151,en.3.412.261.2007.12.18
151,en.3.412.232.2007.12.19
151,en.3.412.39.2007.12.19
151,en.3.412.119.2007.12.19
151,en.3.412.199.2007.12.19
151,en.3.412.140.2007.12.18
151,en.3.412.143.2007.12.19
151,en.3.412.498.2007.12.19
151,en.3.412.433.2007.12.19
152,en.3.412.376.2007.12.19
152,en.3.412.145.2007.12.18
152,en.3.412.261.2007.12.18
152,en.3.412.232.2007.12.19
152,en.3.412.39.2007.12.19
152,en.3.412.119.2007.12.19
152,en.3.412.199.2007.12.19
152,en.3.412.140.2007.12.18
152,en.3.412.143.2007.12.19
152,en.3.412.498.2007.12.19
152,en.3.412.433.2007.12.19
153,en.3.412.376.2007.12.19
153,en.3.412.145.2007.12.18
153,en.3.412.261.2007.12.18
153,en.3.412.232.2007.12.19
153,en.3.412.39.2007.12.19
153,en.3.412.119.2007.12.19
153,en.3.412.199.2007.12.19
153,en.3.412.140.2007.12.18
153,en.3.412.143.2007.12.19
153,en.3.412.498.2007.12.19
153,en.3.412.433.2007.12.19
154,en.3.412.376.2007.12.19
154,en.3.412.145.2007.12.18
154,en.3.412.261.2007.12.18
154,en.3.412.232.2007.12.19
154,en.3.412.39.2007.12.19
154,en.3.412.119.2007.12.19
154,en.3.412.199.2007.12.19
154,en.3.412.140.2007.12.18
154,en.3.412.143.2007.12.19
154,en.3.412.498.2007.12.19
154,en.3.412.433.2007.12.19
155,en.3.412.376.2007.12.19
155,en.3.412.145.2007.12.18
155,en.3.412.261.2007.12.18
155,en.3.412.232.2007.12.19
155,en.3.412.39.2007.12.19
155,en.3.412.119.2007.12.19
155,en.3.412.199.2007.12.19
155,en.3.412.140.2007.12.18
155,en.3.412.143.2007.12.19
155,en.3.412.498.2007.12.19
155,en.3.412.433.2007.12.19
156,en.3.412.376.2007.12.19
156,en.3.412.145.2007.12.18
156,en.3.412.261.2007.12.18
156,en.3.412.232.2007.12.19
156,en.3.412.39.2007.12.19
156,en.3.412.119.2007.12.19
156,en.3.412.199.2007.12.19
156,en.3.412.140.2007.12.18
156,en.3.412.143.2007.12.19
156,en.3.412.498.2007.12.19
156,en.3.412.433.2007.12.19
157,en.3.412.376.2007.12.19
157,en.3.412.145.2007.12.18
157,en.3.412.261.2007.12.18
157,en.3.412.232.2007.12.19
157,en.3.412.39.2007.12.19
157,en.3.412.119.2007.12.19
157,en.3.412.199.2007.12.19
157,en.3.412.140.2007.12.18
157,en.3.412.143.2007.12.19
157,en.3.412.498.2007.12.19
157,en.3.412.433.2007.12.19
158,en.3.412.376.2007.12.19
158,en.3.412.145.2007.12.18
158,en.3.412.261.2007.12.18
158,en.3.412.232.2007.12.19
158,en.3.412.39.2007.12.19
158,en.3.412.119.2007.12.19
158,en.3.412.199.2007.12.19
158,en.3.412.140.2007.12.18
158,en.3.412.143.2007.12.19
158,en.3.412.498.2007.12.19
158,en.3.412.433.2007.12.19
159,en.3.412.376.2007.12.19
159,en.3.412.145.2007.12.18
159,en.3.412.261.2007.12.18
159,en.3.412.232.2007.12.19
159,en.3.412.39.2007.12.19
159,en.3.412.119.2007.12.19
159,en.3.412.199.2007.12.19
159,en.3.412.140.2007.12.18
159,en.3.412.143.2007.12.19
159,en.3.412.498.2007.12.19
159,en.3.412.433.2007.12.19
160,en.3.412.376.2007.12.19
160,en.3.412.145.2007.12.18
160,en.3.412.261.2007.12.18
160,en.3.412.232.2007.12.19
160,en.3.412.39.2007.12.19
160,en.3.412.119.2007.12.19
160,en.3.412.199.2007.12.19
160,en.3.412.140.2007.12.18
160,en.3.412.143.2007.12.19
160,en.3.412.498.2007.12.19
160,en.3.412.433.2007.12.19
161,en.3.412.376.2007.12.19
161,en.3.412.145.2007.12.18
161,en.3.412.261.2007.12.18
161,en.3.412.232.2007.12.19
161,en.3.412.39.2007.12.19
161,en.3.412.119.2007.12.19
161,en.3.412.199.2007.12.19
161,en.3.412.140.2007.12.18
161,en.3.412.143.2007.12.19
161,en.3.412.498.2007.12.19
161,en.3.412.433.2007.12.19
162,en.3.412.376.2007.12.19
162,en.3.412.145.2007.12.18
162,en.3.412.261.2007.12.18
162,en.3.412.232.2007.12.19
162,en.3.412.39.2007.12.19
162,en.3.412.119.2007.12.19
162,en.3.412.199.2007.12.19
162,en.3.412.140.2007.12.18
162,en.3.412.143.2007.12.19
162,en.3.412.498.2007.12.19
162,en.3.412.433.2007.12.19
163,en.3.412.376.2007.12.19
163,en.3.412.145.2007.12.18
163,en.3.412.261.2007.12.18
163,en.3.412.232.2007.12.19
163,en.3.412.39.2007.12.19
163,en.3.412.119.2007.12.19
163,en.3.412.199.2007.12.19
163,en.3.412.140.2007.12.18
163,en.3.412.143.2007.12.19
163,en.3.412.498.2007.12.19
163,en.3.412.433.2007.12.19
164,en.3.412.376.2007.12.19
164,en.3.412.145.2007.12.18
164,en.3.412.261.2007.12.18
164,en.3.412.232.2007.12.19
164,en.3.412.39.2007.12.19
164,en.3.412.119.2007.12.19
164,en.3.412.199.2007.12.19
164,en.3.412.140.2007.12.18
164,en.3.412.143.2007.12.19
164,en.3.412.498.2007.12.19
164,en.3.412.433.2007.12.19
165,en.3.412.376.2007.12.19
165,en.3.412.145.2007.12.18
165,en.3.412.261.2007.12.18
165,en.3.412.232.2007.12.19
165,en.3.412.39.2007.12.19
165,en.3.412.119.2007.12.19
165,en.3.412.199.2007.12.19
165,en.3.412.140.2007.12.18
165,en.3.412.143.2007.12.19
165,en.3.412.498.2007.12.19
165,en.3.412.433.2007.12.19
166,en.3.412.376.2007.12.19
166,en.3.412.145.2007.12.18
166,en.3.412.261.2007.12.18
166,en.3.412.232.2007.12.19
166,en.3.412.39.2007.12.19
166,en.3.412.119.2007.12.19
166,en.3.412.199.2007.12.19
166,en.3.412.140.2007.12.18
166,en.3.412.143.2007.12.19
166,en.3.412.498.2007.12.19
166,en.3.412.433.2007.12.19
167,en.3.412.376.2007.12.19
167,en.3.412.145.2007.12.18
167,en.3.412.261.2007.12.18
167,en.3.412.232.2007.12.19
167,en.3.412.39.2007.12.19
167,en.3.412.119.2007.12.19
167,en.3.412.199.2007.12.19
167,en.3.412.140.2007.12.18
167,en.3.412.143.2007.12.19
167,en.3.412.498.2007.12.19
167,en.3.412.433.2007.12.19
168,en.3.412.376.2007.12.19
168,en.3.412.145.2007.12.18
168,en.3.412.261.2007.12.18
168,en.3.412.232.2007.12.19
168,en.3.412.39.2007.12.19
168,en.3.412.119.2007.12.19
168,en.3.412.199.2007.12.19
168,en.3.412.140.2007.12.18
168,en.3.412.143.2007.12.19
168,en.3.412.498.2007.12.19
168,en.3.412.433.2007.12.19
169,en.3.412.376.2007.12.19
169,en.3.412.145.2007.12.18
169,en.3.412.261.2007.12.18
169,en.3.412.232.2007.12.19
169,en.3.412.39.2007.12.19
169,en.3.412.119.2007.12.19
169,en.3.412.199.2007.12.19
169,en.3.412.140.2007.12.18
169,en.3.412.143.2007.12.19
169,en.3.412.498.2007.12.19
169,en.3.412.433.2007.12.19
170,en.3.412.376.2007.12.19
170,en.3.412.145.2007.12.18
170,en.3.412.261.2007.12.18
170,en.3.412.232.2007.12.19
170,en.3.412.39.2007.12.19
170,en.3.412.119.2007.12.19
170,en.3.412.199.2007.12.19
170,en.3.412.140.2007.12.18
170,en.3.412.143.2007.12.19
170,en.3.412.498.2007.12.19
170,en.3.412.433.2007.12.19
171,en.3.412.376.2007.12.19
171,en.3.412.145.2007.12.18
171,en.3.412.261.2007.12.18
171,en.3.412.232.2007.12.19
171,en.3.412.39.2007.12.19
171,en.3.412.119.2007.12.19
171,en.3.412.199.2007.12.19
171,en.3.412.140.2007.12.18
171,en.3.412.143.2007.12.19
171,en.3.412.498.2007.12.19
171,en.3.412.433.2007.12.19
172,en.3.412.376.2007.12.19
172,en.3.412.145.2007.12.18
172,en.3.412.261.2007.12.18
172,en.3.412.232.2007.12.19
172,en.3.412.39.2007.12.19
172,en.3.412.119.2007.12.19
172,en.3.412.199.2007.12.19
172,en.3.412.140.2007.12.18
172,en.3.412.143.2007.12.19
172,en.3.412.498.2007.12.19
172,en.3.412.433.2007.12.19
173,en.3.412.376.2007.12.19
173,en.3.412.145.2007.12.18
173,en.3.412.261.2007.12.18
173,en.3.412.232.2007.12.19
173,en.3.412.39.2007.12.19
173,en.3.412.119.2007.12.19
173,en.3.412.199.2007.12.19
173,en.3.412.140.2007.12.18
173,en.3.412.143.2007.12.19
173,en.3.412.498.2007.12.19
173,en.3.412.433.2007.12.19
174,en.3.412.376.2007.12.19
174,en.3.412.145.2007.12.18
174,en.3.412.261.2007.12.18
174,en.3.412.232.2007.12.19
174,en.3.412.39.2007.12.19
174,en.3.412.119.2007.12.19
174,en.3.412.199.2007.12.19
174,en.3.412.140.2007.12.18
174,en.3.412.143.2007.12.19
174,en.3.412.498.2007.12.19
174,en.3.412.433.2007.12.19
175,en.3.412.376.2007.12.19
175,en.3.412.145.2007.12.18
175,en.3.412.261.2007.12.18
175,en.3.412.232.2007.12.19
175,en.3.412.39.2007.12.19
175,en.3.412.119.2007.12.19
175,en.3.412.199.2007.12.19
175,en.3.412.140.2007.12.18
175,en.3.412.143.2007.12.19
175,en.3.412.498.2007.12.19
175,en.3.412.433.2007.12.19
